{
  "kind": "collectionType",
  "collectionName": "scores",
  "info": {
    "singularName": "score",
    "pluralName": "scores",
    "displayName": "Score",
    "description": ""
  },
  "options": {
    "draftAndPublish": true
  },
  "pluginOptions": {},
  "attributes": {
    "NumberOfDisks": {
      "type": "integer"
    },
    "ElapsedTime": {
      "type": "integer"
    },
    "TotalMoves": {
      "type": "integer"
    },
    "CorrectMoves": {
      "type": "integer"
    },
    "GameId": {
      "type": "uid"
    },
    "UserId": {
      "type": "string"
    }
  }
}
